{
  "meta": {
    "mode": "defense",
    "mem_mb": 256,
    "loops": 30,
    "warmup": 2,
    "timestamp": "2025-12-18 20:49:30",
    "host": "openEuler",
    "platform": "Linux-5.10.0+-aarch64-with-glibc2.34",
    "machine": "aarch64",
    "cpu_count": 4,
    "pid": 20694,
    "proc_status": {
      "Cpus_allowed_list": "0-2",
      "Mems_allowed_list": "0,2"
    }
  },
  "latency_ms": [
    327.58095400004095,
    326.54164899986426,
    325.6611899996642,
    325.1391250000779,
    325.6231310001567,
    325.5879729999833,
    327.0913940000355,
    325.5075609999949,
    324.7638520001601,
    325.20559299973684,
    325.81324600005246,
    324.7690729999704,
    325.6821340000897,
    326.30920500014327,
    325.44697000003,
    324.4030290002229,
    325.03007900004377,
    324.8632880004152,
    324.65802600017923,
    325.95679199994265,
    325.6115409999438,
    325.8459089997814,
    326.27126899978975,
    325.71982600029514,
    325.6426300004023,
    326.15517799968075,
    325.0551020000785,
    326.1523589999342,
    325.92060500019215,
    326.2724010000966
  ],
  "throughput_gbps": [
    0.7631701322903185,
    0.7655991227021209,
    0.7676689997977891,
    0.7689016201908647,
    0.7677587253464486,
    0.7678416303172624,
    0.7643123744184259,
    0.7680313146397356,
    0.7697901058270388,
    0.7687444662128007,
    0.767310731129574,
    0.7697777306523974,
    0.7676196324601924,
    0.7661444916942819,
    0.7681743050180402,
    0.7706463184714228,
    0.7691595829196052,
    0.7695544840994175,
    0.7700410277239288,
    0.7669728201277793,
    0.7677860533820671,
    0.7672338154172368,
    0.7662335723473129,
    0.7675308042187566,
    0.7677127530866925,
    0.7665063039417535,
    0.7691003724037522,
    0.7665129290082812,
    0.7670579772023085,
    0.7662309139041338
  ],
  "summary": {
    "lat_p50_ms": 325.65191000003324,
    "lat_p95_ms": 326.84400874995845,
    "lat_p99_ms": 327.43898160003937,
    "bw_p50_gbps": 0.7676908764422408,
    "bw_p05_gbps": 0.7648914111460887,
    "bw_p95_gbps": 0.7699281128703283,
    "rss_mb": 286.2890625
  }
}