{
  "meta": {
    "mode": "baseline",
    "mem_mb": 256,
    "loops": 30,
    "warmup": 2,
    "timestamp": "2025-12-18 20:49:19",
    "host": "openEuler",
    "platform": "Linux-5.10.0+-aarch64-with-glibc2.34",
    "machine": "aarch64",
    "cpu_count": 4,
    "pid": 20620,
    "proc_status": {
      "Cpus_allowed_list": "0-2",
      "Mems_allowed_list": "0,2"
    }
  },
  "latency_ms": [
    325.3566809999029,
    320.792689999962,
    320.46313699993334,
    319.9877980000565,
    319.86306799990416,
    319.35601300028793,
    321.26878600001874,
    320.8480309999686,
    320.12193099990327,
    324.7405100000833,
    320.6680230000529,
    319.99390100008895,
    322.2196179999628,
    319.9030280002262,
    320.1521870000761,
    321.6149179997956,
    321.03853499984325,
    319.5677759999853,
    320.17041400013113,
    320.3915419999248,
    320.0009180000052,
    321.06439800008957,
    320.1119700001982,
    319.8219710002377,
    319.95406599980925,
    320.18002699987846,
    319.8762340002759,
    319.8342660002709,
    322.0309180001095,
    320.3461910002261
  ],
  "throughput_gbps": [
    0.7683874793401726,
    0.7793195038204568,
    0.7801209285424052,
    0.7812797911748993,
    0.7815844497560903,
    0.782825404323214,
    0.7781646113606113,
    0.7791850840438054,
    0.7809524302790599,
    0.7698454375154361,
    0.7796224820332607,
    0.7812648904203037,
    0.7758683395870355,
    0.7814868198116063,
    0.7808786263263621,
    0.7773271263497762,
    0.7787227162624638,
    0.7823066616078697,
    0.7808341716417858,
    0.7802952551102571,
    0.7812477587954793,
    0.7786599870843676,
    0.7809767313601088,
    0.7816848830558117,
    0.7813621596549708,
    0.7808107280848436,
    0.7815522799977206,
    0.7816548336937365,
    0.7763229740565314,
    0.7804057205094833
  ],
  "summary": {
    "lat_p50_ms": 320.1752205000048,
    "lat_p95_ms": 323.6061086000291,
    "lat_p99_ms": 325.1779914099552,
    "bw_p50_gbps": 0.7808224498633147,
    "bw_p05_gbps": 0.7725557434476558,
    "bw_p95_gbps": 0.7820268612594437,
    "rss_mb": 286.234375
  }
}